<metadata xml:lang="pt"><Esri><CreaDate>20250815</CreaDate><CreaTime>14533500</CreaTime><ArcGISFormat>1.0</ArcGISFormat><SyncOnce>FALSE</SyncOnce><DataProperties><itemProps><itemName Sync="TRUE">ide_1102_br_mun_efc_2025_pol</itemName><imsContentType Sync="TRUE">002</imsContentType><itemLocation><linkage Sync="TRUE">file://\\AMCD44739310407\C$\Users\kaua.goudinho\ARCADIS\VALE_BR - 5.3 Mapas_Desenhos\00 - Cartografia\01_Shapefile\11_Limites\1102_Limite_Territorial\ide_1102_br_mun_efc_2025_pol.shp</linkage><protocol Sync="TRUE">Local Area Network</protocol></itemLocation><itemSize Sync="TRUE">0.000</itemSize></itemProps><coordRef><type Sync="TRUE">Projected</type><geogcsn Sync="TRUE">GCS_South_American_1969</geogcsn><csUnits Sync="TRUE">Linear Unit: Meter (1.000000)</csUnits><peXml Sync="TRUE">&lt;ProjectedCoordinateSystem xsi:type='typens:ProjectedCoordinateSystem' xmlns:xsi='http://www.w3.org/2001/XMLSchema-instance' xmlns:xs='http://www.w3.org/2001/XMLSchema' xmlns:typens='http://www.esri.com/schemas/ArcGIS/3.4.0'&gt;&lt;WKT&gt;PROJCS[&amp;quot;South_America_Lambert_Conformal_Conic&amp;quot;,GEOGCS[&amp;quot;GCS_South_American_1969&amp;quot;,DATUM[&amp;quot;D_South_American_1969&amp;quot;,SPHEROID[&amp;quot;GRS_1967_Truncated&amp;quot;,6378160.0,298.25]],PRIMEM[&amp;quot;Greenwich&amp;quot;,0.0],UNIT[&amp;quot;Degree&amp;quot;,0.0174532925199433]],PROJECTION[&amp;quot;Lambert_Conformal_Conic&amp;quot;],PARAMETER[&amp;quot;False_Easting&amp;quot;,0.0],PARAMETER[&amp;quot;False_Northing&amp;quot;,0.0],PARAMETER[&amp;quot;Central_Meridian&amp;quot;,-60.0],PARAMETER[&amp;quot;Standard_Parallel_1&amp;quot;,-5.0],PARAMETER[&amp;quot;Standard_Parallel_2&amp;quot;,-42.0],PARAMETER[&amp;quot;Latitude_Of_Origin&amp;quot;,-32.0],UNIT[&amp;quot;Meter&amp;quot;,1.0],AUTHORITY[&amp;quot;Esri&amp;quot;,102015]]&lt;/WKT&gt;&lt;XOrigin&gt;-37987200&lt;/XOrigin&gt;&lt;YOrigin&gt;-12770800&lt;/YOrigin&gt;&lt;XYScale&gt;118555714.2240148&lt;/XYScale&gt;&lt;ZOrigin&gt;-100000&lt;/ZOrigin&gt;&lt;ZScale&gt;10000&lt;/ZScale&gt;&lt;MOrigin&gt;-100000&lt;/MOrigin&gt;&lt;MScale&gt;10000&lt;/MScale&gt;&lt;XYTolerance&gt;0.001&lt;/XYTolerance&gt;&lt;ZTolerance&gt;0.001&lt;/ZTolerance&gt;&lt;MTolerance&gt;0.001&lt;/MTolerance&gt;&lt;HighPrecision&gt;true&lt;/HighPrecision&gt;&lt;WKID&gt;102015&lt;/WKID&gt;&lt;LatestWKID&gt;102015&lt;/LatestWKID&gt;&lt;/ProjectedCoordinateSystem&gt;</peXml><projcsn Sync="TRUE">South_America_Lambert_Conformal_Conic</projcsn></coordRef><lineage><Process ToolSource="c:\program files\arcgis\pro\Resources\ArcToolbox\toolboxes\Data Management Tools.tbx\Merge" Date="20250815" Time="145336">Merge PA_Municipios_2024;MA_Municipios_2024;TO_Municipios_2024 "C:\Users\kaua.goudinho\OneDrive - ARCADIS\Documents\ArcGIS\Projects\EFC - MUDANCAS CLIMATICAS VALE\MyProject24.gdb\PA_Municipios_2024_Merge" "CD_MUN "CD_MUN" true true false 7 Text 0 0,First,#,PA_Municipios_2024,CD_MUN,0,6,MA_Municipios_2024,CD_MUN,0,6,TO_Municipios_2024,CD_MUN,0,6;NM_MUN "NM_MUN" true true false 100 Text 0 0,First,#,PA_Municipios_2024,NM_MUN,0,99,MA_Municipios_2024,NM_MUN,0,99,TO_Municipios_2024,NM_MUN,0,99;CD_RGI "CD_RGI" true true false 6 Text 0 0,First,#,PA_Municipios_2024,CD_RGI,0,5,MA_Municipios_2024,CD_RGI,0,5,TO_Municipios_2024,CD_RGI,0,5;NM_RGI "NM_RGI" true true false 100 Text 0 0,First,#,PA_Municipios_2024,NM_RGI,0,99,MA_Municipios_2024,NM_RGI,0,99,TO_Municipios_2024,NM_RGI,0,99;CD_RGINT "CD_RGINT" true true false 4 Text 0 0,First,#,PA_Municipios_2024,CD_RGINT,0,3,MA_Municipios_2024,CD_RGINT,0,3,TO_Municipios_2024,CD_RGINT,0,3;NM_RGINT "NM_RGINT" true true false 100 Text 0 0,First,#,PA_Municipios_2024,NM_RGINT,0,99,MA_Municipios_2024,NM_RGINT,0,99,TO_Municipios_2024,NM_RGINT,0,99;CD_UF "CD_UF" true true false 2 Text 0 0,First,#,PA_Municipios_2024,CD_UF,0,1,MA_Municipios_2024,CD_UF,0,1,TO_Municipios_2024,CD_UF,0,1;NM_UF "NM_UF" true true false 50 Text 0 0,First,#,PA_Municipios_2024,NM_UF,0,49,MA_Municipios_2024,NM_UF,0,49,TO_Municipios_2024,NM_UF,0,49;SIGLA_UF "SIGLA_UF" true true false 2 Text 0 0,First,#,PA_Municipios_2024,SIGLA_UF,0,1,MA_Municipios_2024,SIGLA_UF,0,1,TO_Municipios_2024,SIGLA_UF,0,1;CD_REGIA "CD_REGIA" true true false 1 Text 0 0,First,#,PA_Municipios_2024,CD_REGIA,0,254,MA_Municipios_2024,CD_REGIA,0,254,TO_Municipios_2024,CD_REGIA,0,254;NM_REGIA "NM_REGIA" true true false 20 Text 0 0,First,#,PA_Municipios_2024,NM_REGIA,0,19,MA_Municipios_2024,NM_REGIA,0,19,TO_Municipios_2024,NM_REGIA,0,19;SIGLA_RG "SIGLA_RG" true true false 2 Text 0 0,First,#,PA_Municipios_2024,SIGLA_RG,0,1,MA_Municipios_2024,SIGLA_RG,0,1,TO_Municipios_2024,SIGLA_RG,0,1;CD_CONCU "CD_CONCU" true true false 7 Text 0 0,First,#,PA_Municipios_2024,CD_CONCU,0,6,MA_Municipios_2024,CD_CONCU,0,6,TO_Municipios_2024,CD_CONCU,0,6;NM_CONCU "NM_CONCU" true true false 100 Text 0 0,First,#,PA_Municipios_2024,NM_CONCU,0,99,MA_Municipios_2024,NM_CONCU,0,99,TO_Municipios_2024,NM_CONCU,0,99;AREA_KM2 "AREA_KM2" true true false 12 Double 3 11,First,#,PA_Municipios_2024,AREA_KM2,-1,-1,MA_Municipios_2024,AREA_KM2,-1,-1,TO_Municipios_2024,AREA_KM2,-1,-1" NO_SOURCE_INFO MANUAL_EDIT</Process><Process ToolSource="c:\program files\arcgis\pro\Resources\ArcToolbox\toolboxes\Conversion Tools.tbx\ExportFeatures" Date="20251023" Time="110828">ExportFeatures PA_Municipios_2024_Merge "C:\Users\kaua.goudinho\ARCADIS\VALE_BR - 5.3 Mapas_Desenhos\00 - Cartografia\01_Shapefile\11_Limites\1102_Limite_Territorial\ide_1102_br_mun_efc_2025_pol.shp" # NOT_USE_ALIAS "CD_MUN "CD_MUN" true true false 7 Text 0 0,First,#,PA_Municipios_2024_Merge,CD_MUN,0,6;NM_MUN "NM_MUN" true true false 100 Text 0 0,First,#,PA_Municipios_2024_Merge,NM_MUN,0,99;CD_RGI "CD_RGI" true true false 6 Text 0 0,First,#,PA_Municipios_2024_Merge,CD_RGI,0,5;NM_RGI "NM_RGI" true true false 100 Text 0 0,First,#,PA_Municipios_2024_Merge,NM_RGI,0,99;CD_RGINT "CD_RGINT" true true false 4 Text 0 0,First,#,PA_Municipios_2024_Merge,CD_RGINT,0,3;NM_RGINT "NM_RGINT" true true false 100 Text 0 0,First,#,PA_Municipios_2024_Merge,NM_RGINT,0,99;CD_UF "CD_UF" true true false 2 Text 0 0,First,#,PA_Municipios_2024_Merge,CD_UF,0,1;NM_UF "NM_UF" true true false 50 Text 0 0,First,#,PA_Municipios_2024_Merge,NM_UF,0,49;SIGLA_UF "SIGLA_UF" true true false 2 Text 0 0,First,#,PA_Municipios_2024_Merge,SIGLA_UF,0,1;CD_REGIA "CD_REGIA" true true false 1 Text 0 0,First,#,PA_Municipios_2024_Merge,CD_REGIA,0,0;NM_REGIA "NM_REGIA" true true false 20 Text 0 0,First,#,PA_Municipios_2024_Merge,NM_REGIA,0,19;SIGLA_RG "SIGLA_RG" true true false 2 Text 0 0,First,#,PA_Municipios_2024_Merge,SIGLA_RG,0,1;CD_CONCU "CD_CONCU" true true false 7 Text 0 0,First,#,PA_Municipios_2024_Merge,CD_CONCU,0,6;NM_CONCU "NM_CONCU" true true false 100 Text 0 0,First,#,PA_Municipios_2024_Merge,NM_CONCU,0,99;AREA_KM2 "AREA_KM2" true true false 8 Double 0 0,First,#,PA_Municipios_2024_Merge,AREA_KM2,-1,-1;Shape_Length "Shape_Length" false true true 8 Double 0 0,First,#,PA_Municipios_2024_Merge,Shape_Length,-1,-1;Shape_Area "Shape_Area" false true true 8 Double 0 0,First,#,PA_Municipios_2024_Merge,Shape_Area,-1,-1" #</Process></lineage></DataProperties><SyncDate>20251023</SyncDate><SyncTime>11082800</SyncTime><ModDate>20251023</ModDate><ModTime>11082800</ModTime></Esri><dataIdInfo><envirDesc Sync="TRUE">Microsoft Windows 10 Version 10.0 (Build 26100) ; Esri ArcGIS 13.4.0.55405</envirDesc><dataLang><languageCode value="por" Sync="TRUE"></languageCode><countryCode value="BRA" Sync="TRUE"></countryCode></dataLang><idCitation><resTitle Sync="TRUE">ide_1102_br_mun_efc_2025_pol</resTitle><presForm><PresFormCd value="005" Sync="TRUE"></PresFormCd></presForm></idCitation><spatRpType><SpatRepTypCd value="001" Sync="TRUE"></SpatRepTypCd></spatRpType></dataIdInfo><mdLang><languageCode value="por" Sync="TRUE"></languageCode><countryCode value="BRA" Sync="TRUE"></countryCode></mdLang><distInfo><distFormat><formatName Sync="TRUE">Shapefile</formatName></distFormat><distTranOps><transSize Sync="TRUE">0.000</transSize></distTranOps></distInfo><mdHrLv><ScopeCd value="005" Sync="TRUE"></ScopeCd></mdHrLv><mdHrLvName Sync="TRUE">dataset</mdHrLvName><refSysInfo><RefSystem><refSysID><identCode code="102015" Sync="TRUE"></identCode><idCodeSpace Sync="TRUE">Esri</idCodeSpace><idVersion Sync="TRUE">4.0.0</idVersion></refSysID></RefSystem></refSysInfo><spatRepInfo><VectSpatRep><geometObjs Name="ide_1102_br_mun_efc_2025_pol"><geoObjTyp><GeoObjTypCd value="002" Sync="TRUE"></GeoObjTypCd></geoObjTyp><geoObjCnt Sync="TRUE">0</geoObjCnt></geometObjs><topLvl><TopoLevCd value="001" Sync="TRUE"></TopoLevCd></topLvl></VectSpatRep></spatRepInfo><spdoinfo><ptvctinf><esriterm Name="ide_1102_br_mun_efc_2025_pol"><efeatyp Sync="TRUE">Simple</efeatyp><efeageom code="4" Sync="TRUE"></efeageom><esritopo Sync="TRUE">FALSE</esritopo><efeacnt Sync="TRUE">0</efeacnt><spindex Sync="TRUE">FALSE</spindex><linrefer Sync="TRUE">FALSE</linrefer></esriterm></ptvctinf></spdoinfo><eainfo><detailed Name="ide_1102_br_mun_efc_2025_pol"><enttyp><enttypl Sync="TRUE">ide_1102_br_mun_efc_2025_pol</enttypl><enttypt Sync="TRUE">Feature Class</enttypt><enttypc Sync="TRUE">0</enttypc></enttyp><attr><attrlabl Sync="TRUE">FID</attrlabl><attalias Sync="TRUE">FID</attalias><attrtype Sync="TRUE">OID</attrtype><attwidth Sync="TRUE">4</attwidth><atprecis Sync="TRUE">0</atprecis><attscale Sync="TRUE">0</attscale><attrdef Sync="TRUE">Internal feature number.</attrdef><attrdefs Sync="TRUE">Esri</attrdefs><attrdomv><udom Sync="TRUE">Sequential unique whole numbers that are automatically generated.</udom></attrdomv></attr><attr><attrlabl Sync="TRUE">Shape</attrlabl><attalias Sync="TRUE">Shape</attalias><attrtype Sync="TRUE">Geometry</attrtype><attwidth Sync="TRUE">0</attwidth><atprecis Sync="TRUE">0</atprecis><attscale Sync="TRUE">0</attscale><attrdef Sync="TRUE">Feature geometry.</attrdef><attrdefs Sync="TRUE">Esri</attrdefs><attrdomv><udom Sync="TRUE">Coordinates defining the features.</udom></attrdomv></attr><attr><attrlabl Sync="TRUE">CD_MUN</attrlabl><attalias Sync="TRUE">CD_MUN</attalias><attrtype Sync="TRUE">String</attrtype><attwidth Sync="TRUE">7</attwidth><atprecis Sync="TRUE">0</atprecis><attscale Sync="TRUE">0</attscale></attr><attr><attrlabl Sync="TRUE">NM_MUN</attrlabl><attalias Sync="TRUE">NM_MUN</attalias><attrtype Sync="TRUE">String</attrtype><attwidth Sync="TRUE">100</attwidth><atprecis Sync="TRUE">0</atprecis><attscale Sync="TRUE">0</attscale></attr><attr><attrlabl Sync="TRUE">CD_RGI</attrlabl><attalias Sync="TRUE">CD_RGI</attalias><attrtype Sync="TRUE">String</attrtype><attwidth Sync="TRUE">6</attwidth><atprecis Sync="TRUE">0</atprecis><attscale Sync="TRUE">0</attscale></attr><attr><attrlabl Sync="TRUE">NM_RGI</attrlabl><attalias Sync="TRUE">NM_RGI</attalias><attrtype Sync="TRUE">String</attrtype><attwidth Sync="TRUE">100</attwidth><atprecis Sync="TRUE">0</atprecis><attscale Sync="TRUE">0</attscale></attr><attr><attrlabl Sync="TRUE">CD_RGINT</attrlabl><attalias Sync="TRUE">CD_RGINT</attalias><attrtype Sync="TRUE">String</attrtype><attwidth Sync="TRUE">4</attwidth><atprecis Sync="TRUE">0</atprecis><attscale Sync="TRUE">0</attscale></attr><attr><attrlabl Sync="TRUE">NM_RGINT</attrlabl><attalias Sync="TRUE">NM_RGINT</attalias><attrtype Sync="TRUE">String</attrtype><attwidth Sync="TRUE">100</attwidth><atprecis Sync="TRUE">0</atprecis><attscale Sync="TRUE">0</attscale></attr><attr><attrlabl Sync="TRUE">CD_UF</attrlabl><attalias Sync="TRUE">CD_UF</attalias><attrtype Sync="TRUE">String</attrtype><attwidth Sync="TRUE">2</attwidth><atprecis Sync="TRUE">0</atprecis><attscale Sync="TRUE">0</attscale></attr><attr><attrlabl Sync="TRUE">NM_UF</attrlabl><attalias Sync="TRUE">NM_UF</attalias><attrtype Sync="TRUE">String</attrtype><attwidth Sync="TRUE">50</attwidth><atprecis Sync="TRUE">0</atprecis><attscale Sync="TRUE">0</attscale></attr><attr><attrlabl Sync="TRUE">SIGLA_UF</attrlabl><attalias Sync="TRUE">SIGLA_UF</attalias><attrtype Sync="TRUE">String</attrtype><attwidth Sync="TRUE">2</attwidth><atprecis Sync="TRUE">0</atprecis><attscale Sync="TRUE">0</attscale></attr><attr><attrlabl Sync="TRUE">CD_REGIA</attrlabl><attalias Sync="TRUE">CD_REGIA</attalias><attrtype Sync="TRUE">String</attrtype><attwidth Sync="TRUE">1</attwidth><atprecis Sync="TRUE">0</atprecis><attscale Sync="TRUE">0</attscale></attr><attr><attrlabl Sync="TRUE">NM_REGIA</attrlabl><attalias Sync="TRUE">NM_REGIA</attalias><attrtype Sync="TRUE">String</attrtype><attwidth Sync="TRUE">20</attwidth><atprecis Sync="TRUE">0</atprecis><attscale Sync="TRUE">0</attscale></attr><attr><attrlabl Sync="TRUE">SIGLA_RG</attrlabl><attalias Sync="TRUE">SIGLA_RG</attalias><attrtype Sync="TRUE">String</attrtype><attwidth Sync="TRUE">2</attwidth><atprecis Sync="TRUE">0</atprecis><attscale Sync="TRUE">0</attscale></attr><attr><attrlabl Sync="TRUE">CD_CONCU</attrlabl><attalias Sync="TRUE">CD_CONCU</attalias><attrtype Sync="TRUE">String</attrtype><attwidth Sync="TRUE">7</attwidth><atprecis Sync="TRUE">0</atprecis><attscale Sync="TRUE">0</attscale></attr><attr><attrlabl Sync="TRUE">NM_CONCU</attrlabl><attalias Sync="TRUE">NM_CONCU</attalias><attrtype Sync="TRUE">String</attrtype><attwidth Sync="TRUE">100</attwidth><atprecis Sync="TRUE">0</atprecis><attscale Sync="TRUE">0</attscale></attr><attr><attrlabl Sync="TRUE">AREA_KM2</attrlabl><attalias Sync="TRUE">AREA_KM2</attalias><attrtype Sync="TRUE">Double</attrtype><attwidth Sync="TRUE">19</attwidth><atprecis Sync="TRUE">0</atprecis><attscale Sync="TRUE">0</attscale></attr><attr><attrlabl Sync="TRUE">Shape_Leng</attrlabl><attalias Sync="TRUE">Shape_Leng</attalias><attrtype Sync="TRUE">Double</attrtype><attwidth Sync="TRUE">19</attwidth><atprecis Sync="TRUE">0</atprecis><attscale Sync="TRUE">0</attscale></attr><attr><attrlabl Sync="TRUE">Shape_Area</attrlabl><attalias Sync="TRUE">Shape_Area</attalias><attrtype Sync="TRUE">Double</attrtype><attwidth Sync="TRUE">19</attwidth><atprecis Sync="TRUE">0</atprecis><attscale Sync="TRUE">0</attscale><attrdef Sync="TRUE">Area of feature in internal units squared.</attrdef><attrdefs Sync="TRUE">Esri</attrdefs><attrdomv><udom Sync="TRUE">Positive real numbers that are automatically generated.</udom></attrdomv></attr></detailed></eainfo><mdDateSt Sync="TRUE">20251023</mdDateSt></metadata>
